NC_047559.1,23218,T,C,0.00699
NC_047559.1,67979,A,G,0.66644
NC_047559.1,89498,T,C,0.1865
NC_047559.1,105000,A,T,0.31067
NC_047559.1,208132,A,G,0.45956
NC_047559.1,280634,G,T,0.29266
NC_047559.1,327951,A,C,0.88159
NC_047559.1,457921,T,C,0.5768
NC_047559.1,462217,T,A,0.26427
NC_047559.1,480811,C,G,0.86194
NC_047559.1,547146,A,G,0.27626
NC_047559.1,578564,G,C,0.53746
NC_047559.1,582535,T,C,0.14557
NC_047559.1,591464,T,G,0.63653
NC_047559.1,633937,T,C,0.99992
NC_047559.1,639563,T,G,0.6635
NC_047559.1,668700,C,A,0.36846
NC_047559.1,720097,C,G,0.17308
NC_047559.1,843586,A,T,0.75245
NC_047559.1,857258,G,T,0.91824
NC_047559.1,914140,G,C,0.48076
NC_047559.1,918617,C,G,0.8562
NC_047559.1,927216,A,C,0.57859
NC_047559.1,964765,T,G,0.8958
NC_047559.1,1091473,C,T,0.65146
NC_047559.1,1108426,C,T,0.27664
NC_047559.1,1116388,A,T,0.00818
NC_047559.1,1196000,T,C,0.59
NC_047559.1,1299340,G,A,0.94426
NC_047559.1,1326913,T,C,0.10195
NC_047559.1,1423287,C,T,0.52791
NC_047559.1,1444715,C,A,0.59702
NC_047559.1,1477829,G,T,0.84684
NC_047559.1,1573130,G,T,0.16981
NC_047559.1,1574858,A,G,0.37518
NC_047559.1,1616126,C,T,0.19566
NC_047559.1,1649819,C,G,0.28496
NC_047559.1,1741514,G,A,0.56758
NC_047559.1,1813444,C,T,0.05583
NC_047559.1,1864879,A,T,0.40694
NC_047559.1,1874273,C,A,0.84609
NC_047559.1,1891869,A,G,0.86682
NC_047559.1,1967258,C,A,0.75506
NC_047559.1,2046596,G,C,0.71376
NC_047559.1,2053301,C,G,0.14646
NC_047559.1,2109968,T,G,0.00277
NC_047559.1,2124288,G,A,0.00382
NC_047559.1,2173311,C,G,0.27496
NC_047559.1,2206417,A,G,0.00268
NC_047559.1,2249132,C,T,0.40968
NC_047559.1,2278821,T,G,0.78329
NC_047559.1,2315377,A,T,0.80458
NC_047559.1,2321418,C,G,0.24027
NC_047559.1,2341893,G,A,0.09157
NC_047559.1,2474767,T,C,0.52105
NC_047559.1,2475656,C,T,0.43793
NC_047559.1,2482559,C,A,0.63855
NC_047559.1,2503266,G,T,0.12699
NC_047559.1,2529015,G,T,0.21889
NC_047559.1,2589746,T,G,0.44269
NC_047559.1,2646887,C,T,0.37189
NC_047559.1,2769559,G,T,0.81013
NC_047559.1,2801315,T,G,0.06118
NC_047559.1,2821164,C,T,0.73903
NC_047559.1,2850376,G,A,0.74779
NC_047559.1,2900081,C,T,0.58745
NC_047559.1,2937040,A,T,0.53588
NC_047559.1,2999196,C,A,0.56428
NC_047559.1,3079067,C,T,0.47482
NC_047559.1,3148219,T,A,0.66685
NC_047559.1,3235622,T,A,0.3603
NC_047559.1,3250876,C,G,0.92233
NC_047559.1,3295625,G,C,0.16201
NC_047559.1,3315785,G,C,0.55138
NC_047559.1,3364559,C,A,0.32104
NC_047559.1,3458702,G,A,0.28868
NC_047559.1,3487640,G,C,0.59516
NC_047559.1,3514107,G,C,0.28038
NC_047559.1,3547129,G,C,0.82019
NC_047559.1,3613138,G,C,0.40281
NC_047559.1,3657502,G,A,0.75377
NC_047559.1,3682380,T,G,0.09555
NC_047559.1,3796221,C,A,0.56077
NC_047559.1,3839118,C,T,0.1186
NC_047559.1,3854421,G,A,0.94654
NC_047559.1,3871915,A,C,0.85844
NC_047559.1,3950199,T,G,0.17963
NC_047559.1,3979202,C,A,0.3861
NC_047559.1,4080744,A,T,0.98139
NC_047559.1,4160232,G,T,0.57639
NC_047559.1,4177096,T,G,0.37434
NC_047559.1,4194478,C,T,0.92911
NC_047559.1,4216308,A,C,0.2683
NC_047559.1,4382250,T,A,0.96304
NC_047559.1,4408542,G,A,0.80706
NC_047559.1,4442899,C,T,0.78029
NC_047559.1,4774001,A,T,0.972
NC_047559.1,4785308,A,C,0.06677
NC_047559.1,4797553,A,G,0.34596
NC_047559.1,4904231,C,T,0.14874
NC_047559.1,4969234,C,T,0.4307
NC_047559.1,5063689,A,C,0.11121
NC_047559.1,5165386,C,T,0.71517
NC_047559.1,5249672,G,A,0.34919
NC_047559.1,5273311,T,C,0.25391
NC_047559.1,5314649,T,A,0.14051
NC_047559.1,5373039,T,G,0.8519
NC_047559.1,5394121,C,A,0.29596
NC_047559.1,5406267,A,G,0.36134
NC_047559.1,5436348,T,G,0.95024
NC_047559.1,5467229,C,T,0.78962
NC_047559.1,5571122,T,C,0.26244
NC_047560.1,61277,A,G,0.50945
NC_047560.1,128346,T,G,0.29172
NC_047560.1,155501,G,A,0.78132
NC_047560.1,185339,C,A,0.15158
NC_047560.1,237565,T,G,0.32982
NC_047560.1,324573,G,C,0.17383
NC_047560.1,534839,G,A,0.8069
NC_047560.1,556751,G,C,0.83644
NC_047560.1,672587,G,A,0.00871
NC_047560.1,716759,T,A,0.02331
NC_047560.1,1105958,C,A,0.09095
NC_047560.1,1269473,T,A,0.98075
NC_047560.1,1401835,G,C,0.57424
NC_047560.1,1424497,A,C,0.08099
NC_047560.1,1812791,C,A,0.97854
NC_047560.1,1838810,T,C,0.51017
NC_047560.1,2175725,T,G,0.95681
NC_047560.1,2710373,A,C,0.61797
NC_047560.1,2804419,C,T,0.7571
NC_047560.1,2985961,G,T,0.16483
NC_047560.1,3419255,A,G,0.15199
NC_047560.1,3507980,C,G,0.30604
NC_047560.1,4025587,A,G,0.90038
NC_047560.1,4310401,A,C,0.81489
NC_047560.1,5108569,A,T,0.16399
NC_047560.1,5528201,A,G,0.90383
NC_047560.1,5819956,T,G,0.60903
NC_047560.1,6002115,C,A,0.79094
NC_047560.1,6348097,T,A,0.41775
NC_047560.1,6734916,G,A,0.03628
NC_047560.1,6910835,C,T,0.42934
NC_047560.1,7109548,G,T,0.74081
NC_047561.1,24739,C,T,0.77189
NC_047561.1,59565,C,A,0.40566
NC_047561.1,60081,T,C,0.59241
NC_047561.1,96858,T,A,0.57182
NC_047561.1,143820,G,A,0.34195
NC_047561.1,149598,A,C,0.22768
NC_047561.1,157584,C,T,0.67096
NC_047561.1,189002,A,C,0.12871
NC_047561.1,196013,C,T,0.53555
NC_047561.1,224783,C,A,0.37228
NC_047561.1,302793,T,C,0.98263
NC_047561.1,314194,T,C,0.99022
NC_047561.1,332301,C,G,0.95008
NC_047561.1,335259,C,G,0.78217
NC_047561.1,395200,G,T,0.71893
NC_047561.1,422441,A,G,0.73471
NC_047561.1,490883,A,C,0.66569
NC_047561.1,506368,A,G,0.41858
NC_047561.1,528021,G,T,0.95961
NC_047561.1,539466,A,G,0.27469
NC_047561.1,589493,C,T,0.60328
NC_047561.1,594295,G,T,0.75114
NC_047561.1,601862,A,G,0.29951
NC_047561.1,714851,G,T,0.4872
NC_047561.1,793201,T,G,0.53534
NC_047561.1,876044,A,T,0.57522
NC_047561.1,881019,C,G,0.73337
NC_047561.1,901878,C,T,0.24184
NC_047561.1,909090,C,T,0.4542
NC_047561.1,917418,G,T,0.4151
NC_047561.1,918537,G,A,0.62562
NC_047561.1,936559,G,A,0.89283
NC_047561.1,959127,A,C,0.83519
NC_047561.1,1002335,A,T,0.92508
NC_047561.1,1022116,A,G,0.91813
NC_047561.1,1040859,T,A,0.1855
NC_047561.1,1043384,T,C,0.18157
NC_047561.1,1057335,G,A,0.84501
NC_047561.1,1082956,A,C,0.33227
NC_047561.1,1147227,A,T,0.90176
NC_047561.1,1151090,G,A,0.91726
NC_047561.1,1201166,C,T,0.36007
NC_047561.1,1250068,A,T,0.84855
NC_047561.1,1278986,C,A,0.86759
NC_047561.1,1328170,A,T,0.83532
NC_047561.1,1329347,T,A,0.29105
NC_047561.1,1369088,C,G,0.60225
NC_047561.1,1416376,C,A,0.15226
NC_047561.1,1475294,C,A,0.57056
NC_047561.1,1507316,T,G,0.11142
NC_047561.1,1515824,G,C,0.09905
NC_047561.1,1611209,C,T,0.56698
NC_047561.1,1633303,T,A,0.99202
NC_047561.1,1634960,T,A,0.82222
NC_047561.1,1635977,A,C,0.84965
NC_047561.1,1652350,A,T,0.97705
NC_047561.1,1676262,C,T,0.92029
NC_047561.1,1686522,C,G,0.03134
NC_047561.1,1696743,G,C,0.10469
NC_047561.1,1723808,G,C,0.29568
NC_047561.1,1740448,A,C,0.71506
NC_047561.1,1747330,T,A,0.24877
NC_047561.1,1866431,C,T,0.61297
NC_047561.1,1874119,G,T,0.45064
NC_047561.1,1876851,C,T,0.92323
NC_047561.1,1886199,T,A,0.58757
NC_047561.1,1887667,C,T,0.70513
NC_047561.1,1987529,G,A,0.50753
NC_047561.1,1999657,A,T,0.58745
NC_047561.1,2025557,C,G,0.04151
NC_047561.1,2043249,T,G,0.3513
NC_047561.1,2059268,C,G,0.92333
NC_047561.1,2073678,T,A,0.24953
NC_047561.1,2175831,C,A,0.97055
NC_047561.1,2200518,T,A,0.44763
NC_047561.1,2363783,A,G,0.04528
NC_047561.1,2393066,G,A,0.85198
NC_047561.1,2446190,C,A,0.427
NC_047561.1,2521654,C,T,0.85679
NC_047561.1,2677371,G,C,0.72912
NC_047561.1,2710369,T,G,0.37451
NC_047561.1,2731818,C,T,0.52446
NC_047561.1,2735816,G,T,0.40668
NC_047561.1,2740466,G,A,0.48019
NC_047561.1,2767588,C,G,0.67711
NC_047561.1,2769787,T,G,0.81277
NC_047561.1,2795329,T,C,0.74017
NC_047561.1,2833589,G,C,0.38605
NC_047561.1,2883083,G,T,0.21134
NC_047561.1,2930385,T,G,0.90886
NC_047561.1,2948002,G,A,0.3597
NC_047561.1,2949310,C,G,0.06724
NC_047561.1,2959339,C,A,0.64527
NC_047561.1,3002116,A,T,0.55868
NC_047561.1,3047413,C,G,0.28464
NC_047561.1,3082033,G,A,0.48906
NC_047561.1,3168471,G,A,0.17185
NC_047561.1,3189493,G,A,0.61718
NC_047561.1,3213620,A,G,0.53479
NC_047561.1,3221967,G,T,0.0772
NC_047561.1,3247609,A,G,0.80149
NC_047561.1,3248598,G,T,0.71372
NC_047561.1,3264604,G,T,0.17738
NC_047561.1,3289073,T,G,0.50006
NC_047561.1,3335873,T,C,0.30762
NC_047561.1,3341216,G,A,0.85385
NC_047561.1,3353503,G,T,0.13642
NC_047561.1,3362391,T,G,0.08975
NC_047561.1,3380795,A,G,0.47272
NC_047561.1,3404096,T,G,0.93577
NC_047561.1,3410272,T,A,0.25501
NC_047561.1,3416256,G,T,0.41129
NC_047561.1,3444696,C,A,0.63067
NC_047561.1,3476886,T,C,0.72027
NC_047561.1,3564269,G,A,0.87174
NC_047561.1,3575018,G,T,0.6934
NC_047561.1,3599702,T,C,0.16442
NC_047561.1,3620781,A,T,0.93024
NC_047561.1,3665296,G,C,0.04191
NC_047561.1,3730761,T,G,0.39227
NC_047561.1,3741368,G,A,0.78167
NC_047561.1,3757233,T,A,0.25273
NC_047561.1,3771161,G,T,0.8046
NC_047561.1,3804784,T,A,0.83337
NC_047561.1,3824682,C,T,0.5364
NC_047561.1,3843959,C,A,0.99401
NC_047561.1,3903319,C,A,0.93568
NC_047561.1,3914112,A,G,0.50191
NC_047561.1,3953547,G,C,0.11881
NC_047561.1,4048023,T,C,0.17468
NC_047561.1,4076429,G,A,0.30665
NC_047561.1,4080866,T,A,0.81495
NC_047561.1,4092883,C,A,0.70986
NC_047561.1,4095942,C,A,0.04029
NC_047561.1,4144996,C,A,0.92963
NC_047561.1,4174547,G,C,0.4787
NC_047561.1,4174567,G,C,0.32989
NC_047561.1,4176118,A,T,0.85825
NC_047561.1,4313814,C,T,0.21579
NC_047561.1,4326611,C,A,0.82582
NC_047561.1,4341773,A,G,0.8355
NC_047561.1,4358673,C,G,0.94709
NC_047561.1,4391289,A,G,0.07336
NC_047561.1,4391448,T,C,0.59422
NC_047561.1,4393944,T,G,0.38877
NC_047561.1,4410795,G,A,0.17735
NC_047561.1,4482096,G,C,0.67215
NC_047561.1,4530121,T,G,0.17869
NC_047561.1,4638013,A,G,0.75584
NC_047561.1,4655522,A,G,0.58049
NC_047561.1,4676692,G,C,0.60706
NC_047561.1,4693898,G,T,0.38713
NC_047561.1,4743123,T,G,0.81764
NC_047561.1,4747259,A,G,0.41442
NC_047561.1,4768610,C,A,0.66151
NC_047561.1,4776778,C,G,0.29037
NC_047561.1,4781493,G,C,0.69576
NC_047561.1,4794476,T,G,0.7453
NC_047561.1,4820768,T,G,0.12812
NC_047561.1,4832552,G,C,0.93008
NC_047561.1,4845132,A,T,0.02328
NC_047561.1,4856902,G,A,0.92984
NC_047561.1,4861833,A,G,0.05258
NC_047561.1,4889077,T,C,0.56183
NC_047561.1,4905914,A,T,0.70397
NC_047561.1,4915391,T,C,0.46113
NC_047561.1,4930586,T,A,0.93916
NC_047561.1,5046531,T,A,0.14254
NC_047561.1,5112952,T,C,0.13833
NC_047561.1,5170642,A,T,0.30906
NC_047561.1,5188074,T,A,0.25035
NC_047561.1,5228462,T,A,0.77166
NC_047561.1,5254558,C,T,0.92629
NC_047561.1,5261145,A,C,0.56254
NC_047561.1,5358449,T,G,0.49804
NC_047561.1,5368895,T,A,0.32902
NC_047561.1,5542511,T,A,0.56806
NC_047561.1,5571144,A,G,0.52683
NC_047561.1,5590744,A,C,0.31697
NC_047561.1,5611572,A,C,0.51264
NC_047561.1,5623198,C,A,0.15558
NC_047561.1,5700854,G,C,0.14163
NC_047561.1,5729947,A,G,0.28517
NC_047561.1,5764547,A,G,0.72879
NC_047561.1,5801992,T,C,0.37407
NC_047561.1,5811378,C,A,0.50183
NC_047561.1,5825927,A,G,0.84526
NC_047562.1,26313,A,G,0.39478
NC_047562.1,35166,C,A,0.749
NC_047562.1,108541,G,A,0.23363
NC_047562.1,151196,A,T,0.78909
NC_047562.1,154264,G,C,0.75547
NC_047562.1,154615,C,T,0.21647
NC_047562.1,240789,G,A,0.53271
NC_047562.1,255202,A,C,0.59685
NC_047562.1,258174,C,A,0.63918
NC_047562.1,268856,G,A,0.32823
NC_047562.1,392031,G,A,0.27268
NC_047562.1,392605,C,G,0.70268
NC_047562.1,411832,G,C,0.56637
NC_047562.1,453409,A,G,0.27443
NC_047562.1,532027,C,A,0.8169
NC_047562.1,535250,G,C,0.0768
NC_047562.1,601675,C,G,0.34559
NC_047562.1,654107,T,G,0.53401
NC_047562.1,736809,A,T,0.82595
NC_047562.1,794227,C,G,0.75342
NC_047562.1,816357,G,T,0.07717
NC_047562.1,953504,G,C,0.09465
NC_047562.1,1077773,T,G,0.00358
NC_047562.1,1156129,G,A,0.34094
NC_047562.1,1166612,T,G,0.54933
NC_047562.1,1217669,G,T,0.58742
NC_047562.1,1256865,G,C,0.02071
NC_047562.1,1272042,A,T,0.77673
NC_047562.1,1294327,C,A,0.24224
NC_047562.1,1324541,G,T,0.22276
NC_047562.1,1331393,C,T,0.71694
NC_047562.1,1364783,A,T,0.4113
NC_047562.1,1434224,T,G,0.6745
NC_047562.1,1451368,A,T,0.99684
NC_047562.1,1454497,G,T,0.51828
NC_047562.1,1457303,T,G,0.06121
NC_047562.1,1471741,A,C,0.94557
NC_047562.1,1486342,T,C,0.84066
NC_047562.1,1508930,G,A,0.30616
NC_047562.1,1539631,A,C,0.1192
NC_047562.1,1555836,T,A,0.99684
NC_047562.1,1562218,C,A,0.2961
NC_047562.1,1584634,A,T,0.32071
NC_047562.1,1616051,T,C,0.3768
NC_047562.1,1647345,A,G,0.80729
NC_047562.1,1776650,T,G,0.06615
NC_047562.1,1825671,C,G,0.63013
NC_047562.1,1907220,G,C,0.55925
NC_047562.1,1940587,T,A,0.31987
NC_047562.1,1979852,C,A,0.17304
NC_047562.1,1986332,T,G,0.97874
NC_047562.1,2059415,C,T,0.52663
NC_047562.1,2069981,C,G,0.72949
NC_047562.1,2081957,G,A,0.38345
NC_047562.1,2118432,A,G,0.86143
NC_047562.1,2199221,G,A,0.43768
NC_047562.1,2200442,A,T,0.00358
NC_047562.1,2231229,A,C,0.3922
NC_047562.1,2258648,A,T,0.95421
NC_047562.1,2263667,C,T,0.45805
NC_047562.1,2273686,A,T,0.45837
NC_047562.1,2306936,A,G,0.37783
NC_047562.1,2318086,G,T,0.10681
NC_047562.1,2327815,A,G,0.63485
NC_047562.1,2333390,G,C,0.5646
NC_047562.1,2366056,T,G,0.60728
NC_047562.1,2381710,G,A,0.14759
NC_047562.1,2412110,A,G,0.73434
NC_047562.1,2440828,G,A,0.35851
NC_047562.1,2516095,G,T,0.61881
NC_047562.1,2567016,A,T,0.25841
NC_047562.1,2592398,T,G,0.51669
NC_047562.1,2618038,G,C,0.22259
NC_047562.1,2628196,C,A,0.99574
NC_047562.1,2651167,A,G,0.04397
NC_047562.1,2655874,A,T,0.7811
NC_047562.1,2744238,G,T,0.38222
NC_047562.1,2745834,T,G,0.77986
NC_047562.1,2795992,A,C,0.41271
NC_047562.1,2906651,G,C,0.95665
NC_047562.1,2929539,T,C,0.2618
NC_047562.1,2943800,C,G,0.49452
NC_047562.1,2944283,T,G,0.9761
NC_047562.1,2974643,C,T,0.22052
NC_047562.1,2983766,A,C,0.50136
NC_047562.1,3103963,T,A,0.40505
NC_047562.1,3268975,T,C,0.87091
NC_047562.1,3292405,C,G,0.87177
NC_047562.1,3376571,C,A,0.74132
NC_047562.1,3383451,A,G,0.17877
NC_047562.1,3465025,C,G,0.07087
NC_047562.1,3496046,A,G,0.61047
NC_047562.1,3607183,G,A,0.01011
NC_047562.1,3650676,A,T,0.18026
NC_047562.1,3663965,T,C,0.21383
NC_047562.1,3708951,A,G,0.13873
NC_047562.1,3712294,T,G,0.21726
NC_047562.1,3845618,A,T,0.11321
NC_047562.1,3917308,G,C,0.01232
NC_047562.1,3931508,G,T,0.95244
NC_047562.1,3942795,C,G,0.88961
NC_047562.1,3982339,T,C,0.50991
NC_047562.1,4055955,C,A,0.12141
NC_047562.1,4136605,G,A,0.7783
NC_047562.1,4157159,G,T,0.67875
NC_047562.1,4172545,A,G,0.47649
NC_047562.1,4212991,T,C,0.54761
NC_047562.1,4216988,C,A,0.86691
NC_047562.1,4251801,C,A,0.05679
NC_047562.1,4257279,A,G,0.79274
NC_047562.1,4284883,G,T,0.74743
NC_047562.1,4287517,C,A,0.4786
NC_047562.1,4301927,C,T,0.98424
NC_047562.1,4344619,C,T,0.16131
NC_047562.1,4398164,T,G,0.41481
NC_047562.1,4415569,C,A,0.78746
NC_047562.1,4437101,T,C,0.85787
NC_047562.1,4531043,C,A,0.17501
NC_047562.1,4639082,C,A,0.54824
NC_047562.1,4664222,T,C,0.38224
NC_047562.1,4680151,G,T,0.12286
NC_047562.1,4747265,T,G,0.79085
NC_047562.1,4790439,A,G,0.97335
NC_047562.1,4863987,T,A,0.96453
NC_047562.1,4888099,A,G,0.31427
NC_047562.1,4978121,G,C,0.1962
NC_047562.1,5073907,G,C,0.74077
NC_047562.1,5177359,G,A,0.98332
NC_047562.1,5196655,T,C,0.4415
NC_047562.1,5205256,A,T,0.27401
NC_047562.1,5231155,A,C,0.76379
NC_047563.1,120918,G,C,0.942
NC_047563.1,565730,A,G,0.21507
NC_047563.1,661888,C,T,0.87092
NC_047563.1,771832,T,G,0.99563
NC_047563.1,1127938,T,C,0.36679
NC_047563.1,1195440,T,G,0.77013
NC_047563.1,1251556,C,G,0.22273
NC_047563.1,1259112,C,T,0.12972
NC_047563.1,1292414,T,A,0.69869
NC_047563.1,1361214,T,A,0.2608
NC_047563.1,1412904,A,T,0.05899
NC_047563.1,1422102,T,C,0.36154
NC_047563.1,1721735,A,G,0.13098
NC_047563.1,1782928,A,T,0.34374
NC_047563.1,1805723,C,T,0.15618
NC_047563.1,1988350,C,G,0.65365
NC_047563.1,2028180,C,T,0.8891
NC_047563.1,2661826,A,G,0.77311
NC_047563.1,2670146,A,C,0.98401
NC_047563.1,2949488,T,A,0.69019
NC_047563.1,3090967,T,C,0.88102
NC_047563.1,3343817,G,C,0.72339
NC_047563.1,3373778,C,A,0.70232
NC_047563.1,3559687,T,C,0.23727
NC_047563.1,3678147,C,A,0.90293
NC_047563.1,3682493,A,G,0.14711
NC_047563.1,4189904,A,C,0.05801
NC_047563.1,4263976,T,G,0.28488
NC_047563.1,4372474,A,C,0.29269
NC_047563.1,4584257,T,G,0.25952
NC_047563.1,4745288,A,T,0.86484
NC_047563.1,4787150,A,T,0.90295
NC_047563.1,4858261,A,C,0.82919
NC_047563.1,5024007,G,C,0.01328
NC_047563.1,5187251,C,T,0.85777
NC_047563.1,5273477,A,T,0.80121
NC_047563.1,5386597,A,T,0.61955
NC_047563.1,5414150,A,T,0.99994
NC_047563.1,5436557,C,A,0.39029
NC_047563.1,5566642,T,G,0.76973
NC_047563.1,5624852,A,T,0.6894
NC_047563.1,5876135,T,G,0.09785
NC_047563.1,5973906,A,G,0.78448
NC_047563.1,6175039,C,A,0.29074
NC_047563.1,6465939,C,A,0.79159
NC_047563.1,6676530,G,A,0.15639
NC_047563.1,6728769,A,T,0.60777
NC_047563.1,6755312,G,A,0.77055
NC_047563.1,7064191,C,G,0.5919
NC_047563.1,7114675,T,C,0.46027
NC_047563.1,7196192,T,A,0.01301
NC_047563.1,7303750,A,T,0.86693
NC_047564.1,141129,T,C,0.52529
NC_047564.1,282120,C,T,0.77263
NC_047564.1,345714,C,T,0.21533
NC_047564.1,444293,C,A,0.78041
NC_047564.1,455802,G,C,0.93289
NC_047564.1,486844,A,G,0.07531
NC_047564.1,490391,C,G,0.29125
NC_047564.1,529826,T,C,0.81884
NC_047564.1,568123,T,A,0.27452
NC_047564.1,656478,A,G,0.60691
NC_047564.1,675091,A,T,0.98802
NC_047564.1,686742,T,C,0.19028
NC_047564.1,697266,A,T,0.43213
NC_047564.1,731220,C,T,0.47532
NC_047564.1,792604,T,A,0.70404
NC_047564.1,795066,T,G,0.98614
NC_047564.1,838647,C,T,0.42177
NC_047564.1,897280,T,A,0.03359
NC_047564.1,970153,T,A,0.76384
NC_047564.1,980750,C,A,0.48983
NC_047564.1,1000950,C,A,0.98692
NC_047564.1,1013128,A,T,0.84257
NC_047564.1,1054284,C,T,0.483
NC_047564.1,1070657,A,C,0.23191
NC_047564.1,1148830,A,G,0.48081
NC_047564.1,1159821,T,G,0.89247
NC_047564.1,1161402,G,A,0.57395
NC_047564.1,1256339,T,G,0.05777
NC_047564.1,1273604,T,A,0.63965
NC_047564.1,1374918,G,A,0.17642
NC_047564.1,1384207,T,C,0.03883
NC_047564.1,1469254,T,G,0.25903
NC_047564.1,1526961,T,C,0.07664
NC_047564.1,1555416,A,T,0.85171
NC_047564.1,1586225,G,C,0.65024
NC_047564.1,1655917,G,T,0.04361
NC_047564.1,1717319,T,C,0.00771
NC_047564.1,1775509,C,G,0.11677
NC_047564.1,1814667,G,C,0.23428
NC_047564.1,1924789,C,A,0.49716
NC_047564.1,2040280,T,C,0.60264
NC_047564.1,2061385,A,G,0.4686
NC_047564.1,2121647,C,T,0.64215
NC_047564.1,2198712,A,G,0.26383
NC_047564.1,2201596,A,G,0.59629
NC_047564.1,2365783,A,G,0.07301
NC_047564.1,2376127,A,C,0.9002
NC_047564.1,2406027,C,G,0.19228
NC_047564.1,2455235,T,G,0.49953
NC_047564.1,2455948,G,C,0.19133
NC_047564.1,2492112,A,T,0.90486
NC_047564.1,2628986,T,C,0.3614
NC_047564.1,2632313,A,C,0.29008
NC_047564.1,2655676,T,A,0.54129
NC_047564.1,2704516,G,A,0.7958
NC_047564.1,2708424,G,A,0.6421
NC_047564.1,2773922,G,C,0.38145
NC_047564.1,2776550,C,G,0.4786
NC_047564.1,2844875,C,G,0.45064
NC_047564.1,2880705,G,C,0.25078
NC_047564.1,3058850,A,T,0.84567
NC_047564.1,3127060,G,C,0.79378
NC_047564.1,3128028,G,A,0.19624
NC_047564.1,3132334,G,C,0.52265
NC_047564.1,3201114,G,C,0.65398
NC_047564.1,3261626,C,G,0.95913
NC_047564.1,3261892,C,A,0.01874
NC_047564.1,3272495,C,T,0.1461
NC_047564.1,3349967,T,G,0.30784
NC_047564.1,3493300,T,C,0.67928
NC_047564.1,3621548,A,C,0.29952
NC_047564.1,3693496,G,C,0.30437
NC_047564.1,3708344,T,G,0.20662
NC_047564.1,3711939,T,G,0.66713
NC_047564.1,3786935,T,C,0.17638
NC_047564.1,3852040,G,C,0.50044
NC_047564.1,3876074,C,G,0.06438
NC_047564.1,3879157,C,T,0.66103
NC_047564.1,3884702,T,G,0.3119
NC_047564.1,3907548,A,C,0.88583
NC_047564.1,3949636,C,A,0.4358
NC_047564.1,3992662,T,A,0.45368
NC_047564.1,4099695,C,T,0.36782
NC_047564.1,4113974,C,T,0.19505
NC_047564.1,4126021,A,T,0.90304
NC_047564.1,4154790,T,G,0.25066
NC_047564.1,4179774,C,G,0.00061
NC_047564.1,4193156,G,C,0.91941
NC_047564.1,4254130,A,G,0.29231
NC_047564.1,4274440,G,A,0.64168
NC_047564.1,4411800,C,G,0.64968
NC_047564.1,4488051,G,C,0.58042
NC_047564.1,4508688,G,A,0.1968
NC_047564.1,4553709,G,C,0.05948
NC_047564.1,4626360,T,C,0.11994
NC_047564.1,4633824,T,A,0.82524
NC_047564.1,4652281,A,T,0.02902
NC_047564.1,4686736,G,A,0.11325
NC_047564.1,4690019,A,T,0.39109
NC_047564.1,4695788,A,T,0.99211
NC_047564.1,4758472,A,C,0.24961
NC_047564.1,4766195,G,A,0.10704
NC_047564.1,4790513,G,T,0.70721
NC_047564.1,4796638,A,T,0.01615
NC_047564.1,4829502,C,A,0.16244
NC_047564.1,4845014,G,T,0.71364
NC_047564.1,5048237,G,A,0.29651
NC_047564.1,5056424,C,A,0.13132
NC_047564.1,5059774,C,A,0.33961
NC_047564.1,5176486,A,T,0.36076
NC_047564.1,5191356,A,G,0.0322
NC_047564.1,5193852,C,G,0.15312
NC_047564.1,5198878,C,T,0.47871
NC_047564.1,5223162,A,G,0.60313
NC_047564.1,5284667,G,C,0.61939
NC_047564.1,5340696,A,G,0.42144
NC_047564.1,5406549,G,C,0.60483
NC_047564.1,5482987,A,G,0.96314
NC_047564.1,5493213,T,A,0.18329
NC_047564.1,5496604,A,C,0.1232
NC_047564.1,5516552,G,A,0.25673
NC_047564.1,5625355,A,G,0.95143
NC_047564.1,5648089,C,T,0.21454
NC_047564.1,5690388,T,G,0.74487
NC_047564.1,5715665,C,T,0.91473
NC_047564.1,5733354,A,T,0.82009
NC_047564.1,5753315,A,C,0.56202
NC_047564.1,5774681,C,A,0.66712
NC_047564.1,5811940,G,T,0.96459
NC_047564.1,5864132,C,A,0.19638
NC_047564.1,5934309,T,C,0.53104
NC_047564.1,5980469,A,C,0.06746
NC_047564.1,6000629,G,C,0.98922
NC_047565.1,83715,C,A,0.34855
NC_047565.1,89814,A,G,0.33209
NC_047565.1,139946,T,A,0.42192
NC_047565.1,273423,C,T,0.70131
NC_047565.1,286326,T,C,0.56273
NC_047565.1,287832,T,C,0.68096
NC_047565.1,302817,A,G,0.30714
NC_047565.1,377500,G,T,0.1198
NC_047565.1,440462,T,A,0.56862
NC_047565.1,596889,C,G,0.11947
NC_047565.1,705139,A,T,0.50447
NC_047565.1,945059,A,C,0.01382
NC_047565.1,1144850,G,A,0.58054
NC_047565.1,1208254,G,T,0.40185
NC_047565.1,1217960,T,A,0.99058
NC_047565.1,1236643,G,C,0.52876
NC_047565.1,1340077,A,C,0.73251
NC_047565.1,1346803,T,G,0.34372
NC_047565.1,1422124,C,T,0.56531
NC_047565.1,1506604,G,T,0.60916
NC_047565.1,1516751,A,C,0.14114
NC_047565.1,1519090,C,T,0.18541
NC_047565.1,1612451,A,G,0.4625
NC_047565.1,1673238,T,A,0.67836
NC_047565.1,1701136,A,G,0.18117
NC_047565.1,1734694,A,G,0.94476
NC_047565.1,1875725,C,T,0.6031
NC_047565.1,1879198,C,A,0.58307
NC_047565.1,1890704,A,C,0.77426
NC_047565.1,1982090,A,G,0.69478
NC_047565.1,2016032,T,C,0.90402
NC_047565.1,2068488,T,A,0.69586
NC_047565.1,2218755,C,A,0.2636
NC_047565.1,2283404,T,A,0.49731
NC_047565.1,2487507,T,G,0.75131
NC_047565.1,2721560,G,T,0.77431
NC_047565.1,2772969,C,A,0.49922
NC_047565.1,2972464,A,C,0.85614
NC_047565.1,3024644,T,A,0.47439
NC_047565.1,3150319,A,G,0.2608
NC_047565.1,3248569,C,T,0.7718
NC_047565.1,3277889,G,A,0.70514
NC_047565.1,3391724,T,C,0.70769
NC_047565.1,3409262,A,T,0.41438
NC_047565.1,3443522,T,C,0.3828
NC_047565.1,3454739,C,G,0.54876
NC_047565.1,3544063,A,T,0.19857
NC_047565.1,3623358,G,C,0.52849
NC_047565.1,3704913,A,C,0.3347
NC_047565.1,3784683,C,G,0.69693
NC_047565.1,3804045,G,C,0.0867
NC_047565.1,3908368,T,G,0.63837
NC_047565.1,3965926,A,G,0.51352
NC_047565.1,4038453,A,G,0.88378
NC_047565.1,4113173,A,C,0.19751
NC_047565.1,4469423,C,G,0.31534
NC_047565.1,4487254,G,A,0.94549
NC_047565.1,4506066,A,T,0.19613
NC_047565.1,4611654,C,G,0.69114
NC_047565.1,4762052,A,G,0.35445
NC_047565.1,4809122,C,T,0.47977
NC_047565.1,4929986,A,C,0.82636
NC_047565.1,5057815,G,A,0.94779
NC_047565.1,5151592,A,G,0.36511
NC_047565.1,5304174,A,T,0.43378
NC_047565.1,5313010,T,A,0.0811
NC_047565.1,5419998,A,C,0.48021
NC_047565.1,5510787,C,T,0.73599
NC_047565.1,5734140,A,T,0.71174
NC_047565.1,5746076,C,T,0.23725
NC_047565.1,5746265,T,A,0.11339
NC_047565.1,5807993,C,T,0.05909
NC_047565.1,5817706,A,T,0.21626
NC_047565.1,5939954,A,C,0.72772
NC_047565.1,5978961,C,T,0.55046
NC_047565.1,6067368,A,G,0.29371
NC_047565.1,6200262,G,C,0.79108
NC_047566.1,155346,C,G,0.05919
NC_047566.1,247816,G,C,0.2508
NC_047566.1,329793,T,C,0.45204
NC_047566.1,343137,C,T,0.33569
NC_047566.1,583005,T,G,0.77744
NC_047566.1,820703,C,G,0.52182
NC_047566.1,887851,T,C,0.58776
NC_047566.1,969487,T,C,0.3342
NC_047566.1,1157043,T,A,0.5681
NC_047566.1,1430528,G,C,0.50155
NC_047566.1,1464164,T,A,0.6694
NC_047566.1,1528586,C,T,0.2552
NC_047566.1,1609268,T,C,0.78996
NC_047566.1,1796315,T,G,0.17321
NC_047566.1,1817823,C,T,0.25322
NC_047566.1,2030301,C,G,0.74579
NC_047566.1,2155136,G,A,0.44797
NC_047566.1,2387272,C,G,0.13678
NC_047566.1,2451352,C,G,0.93713
NC_047566.1,2644401,T,C,0.33216
NC_047566.1,2941178,T,C,0.77528
NC_047566.1,3050269,T,G,0.82733
NC_047566.1,3177199,A,G,0.79368
NC_047566.1,3304890,T,A,0.78587
NC_047566.1,3316290,A,C,0.96379
NC_047566.1,3604320,T,C,0.56528
NC_047566.1,3885251,G,T,0.96607
NC_047566.1,3910982,T,G,0.2992
NC_047566.1,3951604,C,G,0.19883
NC_047566.1,4123997,C,G,0.26119
NC_047566.1,4212950,A,T,0.7365
NC_047566.1,4348294,C,G,0.16327
NC_047566.1,4598905,T,A,0.06924
NC_047566.1,4610625,T,A,0.23512
NC_047566.1,4629669,A,G,0.76627
NC_047566.1,4673623,C,T,0.98153
NC_047566.1,4722666,G,A,0.32918
NC_047566.1,4851515,A,C,0.17554
NC_047566.1,4857525,T,A,0.11296
NC_047566.1,4913133,C,G,0.64995
NC_047566.1,4965206,G,T,0.6656
NC_047566.1,4966995,T,C,0.54225
NC_047566.1,5029953,C,A,0.98559
NC_047566.1,5086555,A,G,0.83336
NC_047566.1,5199386,T,G,0.38636
NC_047566.1,5423342,G,C,0.07636
NC_047566.1,5484785,C,A,0.58075
NC_047566.1,5491514,C,A,0.48721
NC_047566.1,5582613,G,T,0.28237
NC_047566.1,5629471,T,A,0.35163
NC_047566.1,5647425,G,C,0.01319
NC_047566.1,5713867,T,A,0.782
NC_047566.1,5823701,G,C,0.23909
NC_047567.1,36652,C,T,0.91042
NC_047567.1,82875,C,G,0.95696
NC_047567.1,124546,G,A,0.20685
NC_047567.1,146630,A,C,0.89374
NC_047567.1,214815,G,A,0.72612
NC_047567.1,262263,T,A,0.89491
NC_047567.1,406872,A,G,0.40712
NC_047567.1,479096,G,C,0.08047
NC_047567.1,602681,A,T,0.62726
NC_047567.1,746729,A,T,0.16569
NC_047567.1,946848,A,G,0.35475
NC_047567.1,994284,T,G,0.11854
NC_047567.1,1052533,T,C,0.63496
NC_047567.1,1151565,T,A,0.41383
NC_047567.1,1162775,G,A,0.91225
NC_047567.1,1325981,A,T,0.99844
NC_047567.1,1470026,C,A,0.01343
NC_047567.1,1519542,C,T,0.64458
NC_047567.1,1650779,A,G,0.09388
NC_047567.1,2200361,T,G,0.44859
NC_047567.1,2213373,A,G,0.87589
NC_047567.1,2237072,C,A,0.49386
NC_047567.1,2237741,A,T,0.3506
NC_047567.1,2260620,T,C,0.17123
NC_047567.1,2285681,G,A,0.80254
NC_047567.1,2447805,G,A,0.39327
NC_047567.1,2560769,T,C,0.64991
NC_047567.1,2721661,C,G,0.80136
NC_047567.1,2749093,C,G,0.34766
NC_047567.1,2801880,A,C,0.27143
NC_047567.1,2859127,T,C,0.61166
NC_047567.1,2941063,C,T,0.50879
NC_047567.1,2978069,T,G,0.61439
NC_047567.1,2986465,T,A,0.35561
NC_047567.1,3009981,A,C,0.41418
NC_047567.1,3034496,C,T,0.67239
NC_047567.1,3043277,T,G,0.80346
NC_047567.1,3063425,G,C,0.99494
NC_047567.1,3080786,G,A,0.64317
NC_047567.1,3123534,A,T,0.56548
NC_047567.1,3161504,G,A,0.53985
NC_047567.1,3174673,G,T,0.29347
NC_047567.1,3186085,C,G,0.42498
NC_047567.1,3212263,T,G,0.40448
NC_047567.1,3256286,T,G,0.03348
NC_047567.1,3347509,T,G,0.31171
NC_047567.1,3387087,T,A,0.19991
NC_047567.1,3445141,A,T,0.55362
NC_047567.1,3525396,A,G,0.12075
NC_047567.1,3540469,G,T,0.54967
NC_047568.1,16875,T,G,0.32267
NC_047568.1,60575,T,A,0.22719
NC_047568.1,145614,A,C,0.02556
NC_047568.1,169688,C,T,0.99511
NC_047568.1,196530,G,T,0.22183
NC_047568.1,203473,T,G,0.19181
NC_047568.1,209517,T,C,0.32216
NC_047568.1,215263,G,T,0.37137
NC_047568.1,243814,G,A,0.97155
NC_047568.1,275061,G,A,0.26059
NC_047568.1,324091,A,T,0.3571
NC_047568.1,383502,A,G,0.3572
NC_047568.1,404092,G,C,0.34197
NC_047568.1,432855,T,C,0.06983
NC_047568.1,520898,G,A,0.8132
NC_047568.1,560890,C,G,0.45032
NC_047568.1,593129,C,T,0.18383
NC_047568.1,612175,T,G,0.07435
NC_047568.1,643417,G,C,0.66249
NC_047568.1,665140,G,C,0.93797
NC_047568.1,681173,G,C,0.35075
NC_047568.1,719101,T,A,0.14784
NC_047568.1,727185,G,T,0.99063
NC_047568.1,750593,A,G,0.55086
NC_047568.1,793252,G,T,0.72836
NC_047568.1,793634,T,A,0.25355
NC_047568.1,800276,C,A,0.23893
NC_047568.1,832526,A,T,0.24583
NC_047568.1,935440,A,T,0.78503
NC_047568.1,946310,G,C,0.97888
NC_047568.1,1089077,C,G,0.47305
NC_047568.1,1145992,C,G,0.95384
NC_047568.1,1171599,A,C,0.19879
NC_047568.1,1230604,T,G,0.74729
NC_047568.1,1297552,A,T,0.55673
NC_047568.1,1297974,A,T,0.11742
NC_047568.1,1314671,A,T,0.01482
NC_047568.1,1352529,T,A,0.75669
NC_047568.1,1380195,A,T,0.9134
NC_047568.1,1392263,T,C,0.37956
NC_047568.1,1416724,G,A,0.67247
NC_047568.1,1452997,T,A,0.79748
NC_047568.1,1465439,C,A,0.79465
NC_047568.1,1467243,C,A,0.02057
NC_047568.1,1473249,A,C,0.41967
NC_047568.1,1501285,C,G,0.38531
NC_047568.1,1529316,T,G,0.59647
NC_047568.1,1535663,C,A,0.3378
NC_047568.1,1578560,T,C,0.31961
NC_047568.1,1587194,A,T,0.98628
NC_047568.1,1606091,T,A,0.75757
NC_047568.1,1612510,G,A,0.82199
NC_047568.1,1719835,T,G,0.36175
NC_047568.1,1727882,C,T,0.16182
NC_047568.1,1729582,G,T,0.55245
NC_047568.1,1743884,C,A,0.3084
NC_047568.1,1775069,G,T,0.94907
NC_047568.1,1796602,A,C,0.71343
NC_047568.1,1812240,G,T,0.06331
NC_047568.1,1913981,G,T,0.92088
NC_047568.1,1923838,G,C,0.83985
NC_047568.1,1933706,A,G,0.22512
NC_047568.1,1941268,C,T,0.04465
NC_047568.1,1956325,T,A,0.23831
NC_047568.1,1956377,A,G,0.312
NC_047568.1,2003535,T,G,0.71415
NC_047568.1,2120305,T,A,0.71982
NC_047568.1,2123421,T,A,0.70045
NC_047568.1,2131149,A,T,0.83893
NC_047568.1,2133483,G,T,0.41204
NC_047568.1,2134305,C,T,0.79835
NC_047568.1,2202576,C,G,0.90622
NC_047568.1,2226405,A,G,0.70467
NC_047568.1,2257926,G,C,0.47569
NC_047568.1,2272646,T,G,0.13104
NC_047568.1,2298934,G,A,0.06616
NC_047568.1,2304507,T,G,0.94875
NC_047568.1,2317845,G,C,0.19783
NC_047568.1,2320601,G,T,0.51417
NC_047568.1,2473581,A,C,0.7237
NC_047568.1,2477214,C,G,0.36543
NC_047568.1,2549974,C,T,0.88078
NC_047568.1,2563489,C,G,0.08254
NC_047568.1,2564159,T,C,0.4525
NC_047568.1,2597910,A,T,0.85073
NC_047568.1,2641780,A,T,0.1198
NC_047568.1,2650404,C,A,0.76887
NC_047568.1,2658003,C,A,0.84271
NC_047568.1,2666198,G,C,0.26493
NC_047568.1,2667152,A,C,0.594
NC_047568.1,2677244,T,G,0.93461
NC_047568.1,2683320,A,T,0.79066
NC_047568.1,2685403,A,T,0.02925
NC_047568.1,2687695,C,G,0.22422
NC_047568.1,2707117,T,A,0.20187
NC_047568.1,2780703,C,A,0.72428
NC_047568.1,2793536,A,C,0.50767
NC_047568.1,2989256,T,A,0.68395
NC_047568.1,3084000,C,G,0.55882
NC_047568.1,3190986,G,C,0.6103
NC_047568.1,3280387,A,G,0.18042
NC_047568.1,3340360,T,C,0.63301
NC_047568.1,3372669,A,T,0.03907
NC_047568.1,3387001,G,C,0.8748
NC_047568.1,3396968,T,C,0.40931
NC_047568.1,3401195,A,T,0.54742
NC_047568.1,3419626,G,C,0.97356
NC_047568.1,3422122,G,C,0.86842
NC_047568.1,3559015,C,A,0.90916
NC_047568.1,3629811,C,A,0.65313
NC_047568.1,3654293,T,A,0.19944
NC_047568.1,3701920,A,T,0.34509
NC_047568.1,3707605,T,A,0.35962
NC_047568.1,3719345,A,T,0.19093
NC_047568.1,3784933,G,C,0.30436
NC_047568.1,3849233,T,G,0.16261
NC_047568.1,3855040,T,C,0.50284
NC_047568.1,3868353,T,G,0.54446
NC_047568.1,3905682,G,C,0.99654
NC_047568.1,3915259,T,C,0.13976
NC_047568.1,4052675,G,A,0.29562
NC_047568.1,4076871,T,C,0.63076
NC_047568.1,4078372,C,T,0.04075
NC_047568.1,4094782,C,A,0.24715
NC_047568.1,4135786,G,T,0.36312
NC_047568.1,4150169,T,A,0.28928
NC_047568.1,4250824,G,A,0.93662
NC_047568.1,4319763,A,G,0.95759
NC_047568.1,4327113,C,A,0.76632
NC_047568.1,4365803,A,T,0.61895
NC_047568.1,4400658,C,T,0.48344
NC_047568.1,4443305,T,G,0.38911
NC_047568.1,4477967,C,A,0.58117
NC_047568.1,4528574,G,T,0.47007
NC_047568.1,4544450,G,C,0.33058
NC_047568.1,4553258,C,T,0.83421
NC_047568.1,4608611,T,C,0.72133
NC_047568.1,4617534,G,T,0.20077
NC_047568.1,4637033,C,T,0.06048
NC_047568.1,4660040,A,T,0.81856
NC_047568.1,4681437,C,G,0.47871
NC_047568.1,4694763,G,T,0.44055
NC_047568.1,4699304,A,C,0.21153
NC_047568.1,4763229,G,A,0.9664
NC_047568.1,4764343,G,A,0.69882
NC_047568.1,4784830,G,T,0.34184
NC_047568.1,4805196,G,A,0.43678
NC_047568.1,4807454,C,T,0.53118
NC_047568.1,4859041,A,C,0.04104
NC_047568.1,4865082,A,C,0.88838
NC_047568.1,4893180,C,G,0.06201
NC_047568.1,4898576,T,G,0.36514
NC_047568.1,4932412,A,C,0.62154
NC_047568.1,4935769,T,A,0.91846
NC_047568.1,4999076,C,T,0.38245
NC_047568.1,5031578,G,C,0.77806
NC_047568.1,5170591,C,T,0.7273
NC_047568.1,5208515,C,A,0.87877
NC_047568.1,5315812,T,A,0.88713
NC_047568.1,5317504,T,G,0.49014
NC_047568.1,5335928,A,T,0.09053
NC_047568.1,5380800,T,A,0.11716
NC_047568.1,5424156,T,C,0.66342
NC_047568.1,5459188,G,T,0.32374
NC_047568.1,5469433,G,T,0.00695
NC_047568.1,5472947,A,C,0.53965
NC_047568.1,5540747,T,G,0.54989
NC_047568.1,5586501,A,C,0.7421
NC_047568.1,5587975,A,G,0.86897
NC_047568.1,5645648,A,T,0.42965
NC_047568.1,5682654,A,T,0.78486
NC_047568.1,5707109,C,G,0.19107
NC_047568.1,5729120,C,A,0.04224
NC_047568.1,5730586,A,G,0.82853
NC_047568.1,5742388,G,C,0.18629
